feature,shap_importance
TV,78.16188767585702
Radio,2.029219105035534
tv_share,0.4303183369446309
total_budget,0.42423994147742133
radio_share,0.33777581074509194
tv_radio_interaction,0.2528407723523243
Social Media,0.18206674403808534
tv_social_interaction,0.16546803847222633
social_share,0.1205553745231809
Influencer,0.029486671026818553
